topic,query,title,url,timestamp,search_depth
vaccine side effects,site:reddit.com low-income communities view on vaccination myths,Behind Low Vaccination Rates Lurks a More Profound Social Weakness,https://www.reddit.com/r/politics/comments/r9lvrj/behind_low_vaccination_rates_lurks_a_more/,2024-11-30T16:30:12.135213,advanced
vaccine side effects,site:reddit.com low-income communities view on vaccination myths,[OC] Low Income and Lower Middle Income countries struggle ... - Reddit,https://www.reddit.com/r/dataisbeautiful/comments/s9hlk9/oc_low_income_and_lower_middle_income_countries/,2024-11-30T16:30:12.149803,advanced
vaccine side effects,site:reddit.com low-income communities view on vaccination myths,Reopening and vaccinations caused the low pass rate - Theory,https://www.reddit.com/r/CFA/comments/otbbl2/reopening_and_vaccinations_caused_the_low_pass/,2024-11-30T16:30:12.164110,advanced
vaccine side effects,site:reddit.com low-income communities view on vaccination myths,CMV: The wealth gap and income inequality isn't important. The ... - Reddit,https://www.reddit.com/r/changemyview/comments/7307wx/cmv_the_wealth_gap_and_income_inequality_isnt/,2024-11-30T16:30:12.181947,advanced
vaccine side effects,site:reddit.com low-income communities view on vaccination myths,"Despite bureaucratic hurdles, the vast majority of ... - Reddit",https://www.reddit.com/r/science/comments/f7oo3b/despite_bureaucratic_hurdles_the_vast_majority_of/,2024-11-30T16:30:12.198503,advanced
vaccine side effects,site:reddit.com low-income communities view on vaccination myths,What would be your solution to the disproportionately low ... - Reddit,https://www.reddit.com/r/AskALiberal/comments/te2y0x/what_would_be_your_solution_to_the/,2024-11-30T16:30:12.214964,advanced
vaccine side effects,site:reddit.com low-income communities view on vaccination myths,My community's reaction to low-income housing being built ... - Reddit,https://www.reddit.com/r/mildlyinfuriating/comments/114rb77/my_communitys_reaction_to_lowincome_housing_being/,2024-11-30T16:30:12.229098,advanced
vaccine side effects,site:reddit.com low-income communities view on vaccination myths,Speaking for the first time about the issue of unvaccinated ... - Reddit,https://www.reddit.com/r/soccer/comments/pzd9x5/speaking_for_the_first_time_about_the_issue_of/,2024-11-30T16:30:12.245501,advanced
vaccine side effects,site:reddit.com low-income communities view on vaccination myths,"Why the ""Self-Made"" Success Story Is a Myth - Reddit",https://www.reddit.com/r/BasicIncome/comments/ashppr/why_the_selfmade_success_story_is_a_myth_how/,2024-11-30T16:30:12.259220,advanced
vaccine side effects,site:reddit.com low-income communities view on vaccination myths,Ausfinance what is low-middle-high income : r/AusFinance - Reddit,https://www.reddit.com/r/AusFinance/comments/13ms0yk/ausfinance_what_is_lowmiddlehigh_income/,2024-11-30T16:30:12.276633,advanced
vaccine side effects,site:reddit.com low-income communities view on vaccination myths,Black and Latino communities often have low vaccination rates - but ...,https://www.reddit.com/r/Coronavirus/comments/owe83i/black_and_latino_communities_often_have_low/,2024-11-30T16:30:12.290558,advanced
vaccine side effects,site:reddit.com low-income communities view on vaccination myths,Low Income Housing is asking about Vaccination status. [Los ... - Reddit,https://www.reddit.com/r/TenantHelp/comments/o7ws82/low_income_housing_is_asking_about_vaccination/,2024-11-30T16:30:12.303605,advanced
vaccine side effects,site:reddit.com low-income communities view on vaccination myths,Six myths about vaccination - and why they're wrong,https://www.reddit.com/r/australia/comments/1d4xpo/six_myths_about_vaccination_and_why_theyx27re/,2024-11-30T16:30:12.317990,advanced
vaccine side effects,site:reddit.com low-income communities view on vaccination myths,Higher COVID-19 vaccination rates are associated with lower ... - Reddit,https://www.reddit.com/r/science/comments/zxtnx7/higher_covid19_vaccination_rates_are_associated/,2024-11-30T16:30:12.333202,advanced
vaccine side effects,site:reddit.com low-income communities view on vaccination myths,"Does the Army ""prey"" on low income house holds? : r/army - Reddit",https://www.reddit.com/r/army/comments/15974ah/does_the_army_prey_on_low_income_house_holds/,2024-11-30T16:30:12.437482,advanced
vaccine side effects,site:reddit.com low-income communities view on vaccination myths,YSK: These six myths about vaccinations and why they are wrong,https://www.reddit.com/r/YouShouldKnow/comments/1r82o5/ysk_these_six_myths_about_vaccinations_and_why/,2024-11-30T16:30:12.453357,advanced
vaccine side effects,site:reddit.com low-income communities view on vaccination myths,What are the most important things for the low income people ... - Reddit,https://www.reddit.com/r/financialindependence/comments/ljr9hw/what_are_the_most_important_things_for_the_low/,2024-11-30T16:30:12.468492,advanced
vaccine side effects,site:reddit.com low-income communities view on vaccination myths,US Black and Latino communities often have low vaccination rates - Reddit,https://www.reddit.com/r/EverythingScience/comments/ogm6my/us_black_and_latino_communities_often_have_low/,2024-11-30T16:30:12.482830,advanced
vaccine side effects,site:reddit.com low-income communities view on vaccination myths,Adult vaccination uptake strategies in low- and middle-income ... - Reddit,https://www.reddit.com/r/COVID19/comments/xm5qlw/adult_vaccination_uptake_strategies_in_low_and/,2024-11-30T16:30:12.498997,advanced
vaccine side effects,site:reddit.com low-income communities view on vaccination myths,"The Atlantic reports on ""The Myth of the Broke Millennial ... - Reddit",https://www.reddit.com/r/AskALiberal/comments/12ptow8/the_atlantic_reports_on_the_myth_of_the_broke/,2024-11-30T16:30:12.517478,advanced
